;;;;;;;;;;;;;;;;;;;;;;;;;;;;;;;;;;;;;;;;;;;;;;;;;;;;;;;;Data;;;
;;Potência contratada;1,15 kVA;;2,3 kVA;;3,45 kVA;;4,6 kVA;;5,75 kVA;;6,9 kVA;;10,35 kVA;;13,8 kVA;;17,25 kVA;;20,7 kVA;;;;;;;;;;;;;;;;;;;;;;;;;;;;;;;;;;;;;;
;;Comercializador;Potência (€/dia);Energia (€/kWh);Potência (€/dia);Energia (€/kWh);Potência (€/dia);Energia (€/kWh);Potência (€/dia);Energia (€/kWh);Potência (€/dia);Energia (€/kWh);Potência (€/dia);Energia (€/kWh);Potência (€/dia);Energia (€/kWh);Potência (€/dia);Energia (€/kWh);Potência (€/dia);Energia (€/kWh);Potência (€/dia);Energia (€/kWh);;;;;;;;;;;;;;;;;;;Ultimo Update;Próximo Update;;Luzboa indexado;0,106791265;;;;;;;;;;;31/12/2025;;;
;;;;;;;;;;;;;;;;;;;;;;;;Tarifa de Acesso à Rede;;;Mês;Perdas (PT);OMIE (€/kWh);;;;;;;;;Tarifários;;;05/07/2025;11/07/2025;;Ibelectra indexado;0,102713393;;;;;;;;;;;30/12/2025;;;
;FIXO;Tarifa regulada *;0,0850;0,1609;0,1413;0,1609;0,1786;0,1658;0,2325;0,1658;0,2860;0,1658;0,3396;0,1658;0,5004;0,1658;0,6612;0,1658;0,8220;0,1658;0,9827;0,1658;;Potência;TAR;;;;;;;;;;;;;Tarifa regulada;;;2025;11/07/2025;;Luzigás Energy 8.8 ***;0,112016623;;;;;;;;;;;29/12/2025;;;
;;EDP;-;-;-;-;0,2321;0,1340;0,3705;0,1340;0,4374;0,1340;0,4641;0,1340;0,6742;0,1340;0,8812;0,1340;1,1548;0,1340;1,3860;0,1340;;1,15 kVA;0,0529 €;;janeiro;0,18708;0,09652;;;;;;;;;EDP: Eletricidade Fixa DD+FE Digital 2025;;;365;;;Repsol indexado;0,106190164;;;;;;;;;;;28/12/2025;;;
;;Endesa **;0,1665;0,1632;0,2497;0,1632;0,3146;0,1632;0,4432;0,1632;0,5396;0,1632;0,7230;0,1632;0,8958;0,1632;1,1969;0,1632;1,5196;0,1632;1,9886;0,1632;;2,3 kVA;0,1058 €;;fevereiro;0,17752;0,10807;;;;;;;;;Endesa: Digital Luz;;;;;;Coopérnico;0,109688763;;;;;;;;;;;27/12/2025;;;
;;Goldenergy ACP *;0,1290;0,1492;0,2002;0,1492;0,2259;0,1492;0,2658;0,1492;0,2811;0,1492;0,3556;0,1492;0,6398;0,1492;0,7899;0,1492;0,9118;0,1492;1,0681;0,1492;;3,45 kVA;0,1587 €;;março;0,16612;0,05234;;;;;;;;;Goldenergy: Tarifário Parceria ACP;;;;;;Plenitude indexado;0,117688763;;;;;;;;;;;26/12/2025;;data inicio;data fim
;;Goldenergy sem ACP *;0,1435;0,1555;0,2460;0,1555;0,3477;0,1555;0,4987;0,1555;0,6129;0,1555;0,7177;0,1555;1,0061;0,1555;1,3289;0,1555;1,7608;0,1555;2,2067;0,1555;;4,6 kVA;0,2116 €;;abril;0,15621;0,02657;;;;;;;;;Goldenergy: Tarifário Digital;;;;;;EDP indexado;0,116117696;;;;;;;;;;;25/12/2025;;01/01/2025;31/01/2025
;;Iberdrola;0,1849;0,1456;0,2698;0,1456;0,3535;0,1456;0,4394;0,1456;0,5078;0,1456;0,5741;0,1456;0,7598;0,1456;1,0030;0,1456;1,2581;0,1456;1,6206;0,1456;;5,75 kVA;0,2645 €;;maio;0,15166;0,02587;;;;;;;;;Iberdrola: Plano Mais Digital;;;;;;;;;;;;;;;;;;24/12/2025;;01/02/2025;28/02/2025
;;Galp;0,1899;0,1876;0,2350;0,1876;0,2896;0,1522;0,3383;0,1522;0,4117;0,1522;0,5438;0,1602;0,7326;0,1602;0,9443;0,1825;1,1513;0,1825;1,4360;0,1825;;6,9 kVA;0,3174 €;;junho;0,15068;0,09890;;;;;;;;;Galp: Plano Casa & Estrada;;;;;;;;;;;;;;;;;;23/12/2025;;01/03/2025;31/03/2025
;;Meo;0,1500;0,1699;0,2000;0,1699;0,2700;0,1699;0,3800;0,1699;0,4700;0,1699;0,5500;0,1699;0,6500;0,1699;0,8000;0,1699;0,9900;0,1699;1,1500;0,1699;;10,35 kVA;0,4761 €;;julho;0,15724;0,08931;;;;;;;;;Meo: Tarifa Fixa DD+FE;;;;Não;;;;;;;;;;;;;;22/12/2025;;01/04/2025;30/04/2025
;;Luzboa;0,1529;0,1784;0,2058;0,1784;0,2587;0,1784;0,3316;0,1784;0,3845;0,1784;0,4374;0,1784;0,6261;0,1784;0,7848;0,1784;0,9435;0,1784;1,1522;0,1784;;13,8 kVA;0,6348 €;;agosto;0,15629;0,09133;;;;;;;;;Luzboa: BTN Luzboa;;;;Tarifa Social;;;;;;;;;;;;;;21/12/2025;;01/05/2025;31/05/2025
;;Repsol;0,1729;0,1719;0,2258;0,1719;0,2787;0,1719;0,3316;0,1719;0,3845;0,1719;0,4374;0,1719;0,5961;0,1719;0,7548;0,1719;0,9135;0,1719;1,0722;0,1719;;17,25 kVA;0,7935 €;;setembro;0,15593;0,07538;;;;;;;;;Repsol: Tarifa Leve;;;;Famílias Numerosas;;janeiro;31;31;;;;;;;;;;20/12/2025;;01/06/2025;30/06/2025
;;Ibelectra S. Conforto;0,0879;0,1530;0,1408;0,1530;0,1937;0,1530;0,2516;0,1530;0,3095;0,1530;0,3674;0,1530;0,5361;0,1530;0,7198;0,1530;0,8885;0,1530;1,0672;0,1530;;20,7 kVA;0,9522 €;;outubro;0,15758;0,07977;;;;;;;;;Ibelectra: Solução Conforto DD+FE;;;;Ambos;;fevereiro;28;28;;;;;;;;;;19/12/2025;;01/07/2025;31/07/2025
;;Ibelectra S. Segura;0,1079;0,1456;0,1608;0,1456;0,2137;0,1456;0,2696;0,1456;0,3275;0,1456;0,4174;0,1456;0,5961;0,1456;0,7848;0,1456;0,9735;0,1456;1,1522;0,1456;;Horário;TAR;;novembro;0,16754;0,05249;;;;;;;;;Ibelectra: Solução Segura DD+FE;;;;;;março;31;31;;;;;;;;;;18/12/2025;;01/08/2025;31/08/2025
;;Plenitude;0,1528;0,1697;0,2057;0,1697;0,1587;0,1697;0,2615;0,1697;0,3245;0,1697;0,3674;0,1697;0,6760;0,1697;0,8848;0,1697;1,0934;0,1697;1,4521;0,1697;;Simples;0,0600 €;;dezembro;0,18387;0,06533;;;;;;;;;Plenitude: Tarifa Fácil;;;;;;abril;30;30;;;;;;;;;;17/12/2025;;01/09/2025;30/09/2025
;;G9;0,1414;0,1599;0,2010;0,1599;0,2401;0,1599;0,3119;0,1599;0,3761;0,1599;0,4559;0,1599;0,6339;0,1599;0,8250;0,1599;1,0185;0,1599;1,2278;0,1599;;Vazio;0,0149 €;;Média de 2025;0,16393;0,07167;;;;;;;;;G9: NET;;;;;;maio;31;31;;;;;;;;;;16/12/2025;;01/10/2025;31/10/2025
;INDEXADO;Luzboa indexado;0,1529;0,1668;0,2058;0,1668;0,2587;0,1668;0,3316;0,1668;0,3845;0,1668;0,4374;0,1668;0,6261;0,1668;0,7848;0,1668;0,9434;0,1668;1,1522;0,1668;;Não Vazio;0,0830 €;;1.º Semestre 2025;0,16479;0,06744;;;;;;;;;Luzboa: BTN SPOTDEF;;;;;;junho;30;30;;;;;;;;;;15/12/2025;;01/11/2025;30/11/2025
;;Ibelectra indexado;0,1029;0,1627;0,1558;0,1627;0,2087;0,1627;0,2616;0,1627;0,3145;0,1627;0,3674;0,1627;0,5261;0,1627;0,6848;0,1627;0,8435;0,1627;1,0022;0,1627;;;;;2.º Semestre 2025;0,16309;0,07590;;;;;;;;;Ibelectra: Solução Família;;;;;;julho;31;31;;;;;;;;;;14/12/2025;;01/12/2025;31/12/2025
;;Luzigás Energy 8.8 ***;0,0529;0,1720;0,1058;0,1720;0,1587;0,1720;0,2116;0,1720;0,2645;0,1720;0,3174;0,1720;0,4761;0,1720;0,6348;0,1720;0,7935;0,1720;0,9522;0,1720;;;;;1.º Trimestre 2025;0,17689;0,08491;;;;;;;;;Luzigás Energy 8.8;;;;;;agosto;31;31;;;;;;;;;;13/12/2025;;01/01/2025;31/12/2025
;;Repsol indexado;0,1529;0,1662;0,2058;0,1662;0,2587;0,1662;0,3116;0,1662;0,3645;0,1662;0,4174;0,1662;0,5761;0,1662;0,7348;0,1662;0,8935;0,1662;1,0522;0,1662;;;;;2.º Trimestre 2025;0,15283;0,05017;;;;;;;;;Repsol: Tarifa Leve Sem Mais;;;;;;setembro;30;30;;;;;;;;;;12/12/2025;;01/01/2025;30/06/2025
;;Coopérnico;0,0743;0,1697;0,1272;0,1697;0,1812;0,1697;0,2347;0,1697;0,2880;0,1697;0,3418;0,1697;0,5050;0,1697;0,6733;0,1697;0,8352;0,1697;0,9984;0,1697;;;;;3.º Trimestre 2025;0,15649;0,08545;;;;;;;;;Coopérnico: Base 2.0;;;;;;outubro;31;31;;;;;;;;;;11/12/2025;;01/07/2025;31/12/2025
;;Plenitude indexado;0,1528;0,1777;0,2057;0,1777;0,2386;0,1777;0,2615;0,1777;0,3245;0,1777;0,3674;0,1777;0,5560;0,1777;0,7147;0,1777;0,9134;0,1777;1,0721;0,1777;;;;;4.º Trimestre 2025;0,16968;0,06604;;;;;;;;;Plenitude: Tarifa Tendência;;;;;;novembro;30;30;;;;;;;;;;10/12/2025;;01/01/2025;31/03/2025
;;EDP indexado;0,1700;0,1761;0,2229;0,1761;0,2758;0,1761;0,3287;0,1761;0,3816;0,1761;0,4345;0,1761;0,5932;0,1761;0,7519;0,1761;0,9106;0,1761;1,0693;0,1761;;Luzigás;;;;;;;;;;;;;;EDP: Eletricidade Indexada média;;;;;;dezembro;31;31;;;;;;;;;;09/12/2025;;01/04/2025;30/06/2025
;;;;;;;;;;;;;;;;;;;;;;;;Potência;Fee Gestão;;;;;;;;;;;;;;;;;;;Média de 2025;30,41666667;365/12;;;;;;;;;;08/12/2025;;01/07/2025;30/09/2025
;;;;;;;;;;;;;;;;;;;;;;;;1,15 kVA;1,50 €;;;;;;;;;;;;;;;;;;;1.º Semestre 2025;30,16666667;181/6;;;;;;;;;;07/12/2025;;01/10/2025;31/12/2025
;;;;;;Luzboa indexado;;Coopérnico;;Plenitude indexado;;;;;;;Valor;IVA;;Tarifa Social;;;;2,3 kVA;1,50 €;;;;;;;;;;;;;;;;;;;2.º Semestre 2025;30,66666667;184/6;;;;;;;;;;06/12/2025;;;
;;;;;;CGS;0,0095;CGS;0,009;CGS;0,013;;FTS;;Taxas;Audiovisual;2,85 €;6%;;Potência;Desconto;;;3,45 kVA;1,50 €;;;;;;;;;;;;;;;;;;;1.º Trimestre 2025;30;90/3;;;;;;;;;;05/12/2025;;;
;;;;;;FA;1,02;k;0,009;GDOs;0,005;;0,0016574 €;;;DGEG;0,07 €;23%;;1,15 kVA;0,0323 €;;;4,6 kVA;2,50 €;;;;;;;;;;;;;;;;;;;2.º Trimestre 2025;30,33333333;91/3;;;;;;;;;;04/12/2025;;;
;;;;;;K;0,005;Luzigás;;Fee;0,008;;;;;Especial/kWh;0,001 €;23%;;2,3 kVA;0,0645 €;;;5,75 kVA;2,50 €;;;;;;;;;;;;;;;;;;;3.º Trimestre 2025;30,66666667;92/3;;;;;;;;;;03/12/2025;;;
;;;;;;Repsol indexado;;CGS;0,02;EDP indexado;;;;;;;;;;3,45 kVA;0,0968 €;;;6,9 kVA;4,50 €;;;;;;;;;;;;;;;;;;;4.º Trimestre 2025;30,66666667;92/3;;;;;;;;;;02/12/2025;;;
;;;;;;Qtarifa;0,01479;k;0,0000;Perdas x K1;1,2804;;;;;;kWh;Real;;4,6 kVA;0,1290 €;;;10,35 kVA;4,50 €;;;;;;;;;;;;;;;;;;;;;;;;;;;;;;;01/12/2025;;;
;;;;;;FA;1,03;Ibelectra;;K2;0,0185;;;Última atualização de valores;;;200;6%;;5,75 kVA;0,1613 €;;;13,8 kVA;9,50 €;;;;;;;;;;;;;;;;;;;;;;;;;;;;;;;30/11/2025;;;
;;;;;;;;CS;0,009;K3;0,1171;;;05/07/2025;;;Resto;23%;;6,9 kVA;0,1935 €;;;17,25 kVA;12,50 €;;;;;;;;;;;;;;;;;;;;;;;;;;;;;;;29/11/2025;;;
;;;;;;;;k;0,0035;;;;;;;;Preço ACP;4,80 €;;kWh;0,0484 €;;;20,7 kVA;19,50 €;;;;;;;;;;;;;;;;;;;;;;;;;;;;;;;28/11/2025;;;
;;;;;;;;;;;;;;;;;;;;;;;;;;;;;;;;;;;;;;;;;;;;;;;;;;;;;;;;27/11/2025;;;
;;Potência contratada;1,15 kVA;;;2,3 kVA;;;3,45 kVA;;;4,6 kVA;;;5,75 kVA;;;6,9 kVA;;;10,35 kVA;;;13,8 kVA;;;17,25 kVA;;;20,7 kVA;;;;;;;;;;;;;;;;;;;;;;;;;;26/11/2025;;;
;;Comercializador;Potência €/dia;Vazio €/kWh;Não Vazio €/kWh;Potência €/dia;Vazio €/kWh;Não Vazio €/kWh;Potência €/dia;Vazio €/kWh;Não Vazio €/kWh;Potência €/dia;Vazio €/kWh;Não Vazio €/kWh;Potência €/dia;Vazio €/kWh;Não Vazio €/kWh;Potência €/dia;Vazio €/kWh;Não Vazio €/kWh;Potência €/dia;Vazio €/kWh;Não Vazio €/kWh;Potência €/dia;Vazio €/kWh;Não Vazio €/kWh;Potência €/dia;Vazio €/kWh;Não Vazio €/kWh;Potência €/dia;Vazio €/kWh;Não Vazio €/kWh;;;;;;;;;;;;;;;;;;;;;;;;25/11/2025;;;
;;;;;;;;;;;;;;;;;;;;;;;;;;;;;;;;;;;;;;;;;;;;;;;;;;;;;;;;24/11/2025;;;
;FIXO;Tarifa regulada *;0,0850;0,1094;0,2008;0,1413;0,1094;0,2008;0,1786;0,1094;0,2008;0,2325;0,1094;0,2008;0,2860;0,1094;0,2008;0,3396;0,1094;0,2008;0,5004;0,1094;0,2008;0,6612;0,1094;0,2008;0,8220;0,1094;0,2008;0,9827;0,1094;0,2008;;;;;;;;;;;;;;;;;;;;;;;;23/11/2025;;;
;;EDP;-;-;-;-;-;-;0,3551;0,0929;0,1537;0,4577;0,0929;0,1537;0,5412;0,0929;0,1537;0,6166;0,0929;0,1537;0,8842;0,0929;0,1537;1,0722;0,0929;0,1537;1,3913;0,0929;0,1537;1,7042;0,0929;0,1537;;;;;;;;;;;;;;;;;;;;;;;;22/11/2025;;;
;;Endesa **;-;-;-;-;-;-;0,3152;0,1392;0,1992;0,3918;0,1392;0,1992;0,4588;0,1392;0,1992;0,5266;0,1392;0,1992;0,7740;0,1392;0,1992;1,0645;0,1392;0,1992;1,3273;0,1392;0,1992;1,6618;0,1392;0,1992;;;;;;;;;;;;;;;;;;;;;;;;21/11/2025;;;
;;Goldenergy ACP *;-;-;-;-;-;-;0,2259;0,0954;0,1876;0,2658;0,0954;0,1876;0,2811;0,0954;0,1876;0,3556;0,0954;0,1876;0,6398;0,0954;0,1876;0,7899;0,0954;0,1876;0,9118;0,0954;0,1876;1,0681;0,0954;0,1876;;;;;;;;;;;;;;;;;;;;;;;;20/11/2025;;;
;;Goldenergy sem ACP *;-;-;-;-;-;-;0,3477;0,1085;0,1865;0,4987;0,1085;0,1865;0,6129;0,1085;0,1865;0,7177;0,1085;0,1865;1,0061;0,1085;0,1865;1,3289;0,1085;0,1865;1,7608;0,1085;0,1865;2,2067;0,1085;0,1865;;;;;;;;;;;;;;;;;;;;;;;;19/11/2025;;;
;;Iberdrola;0,1849;0,0912;0,1832;0,2698;0,0912;0,1832;0,3535;0,0912;0,1832;0,4394;0,0912;0,1832;0,5078;0,0912;0,1832;0,5741;0,0912;0,1832;0,7598;0,0912;0,1832;1,0030;0,0912;0,1832;1,2581;0,0912;0,1832;1,6206;0,0912;0,1832;;;;;;;;;;;;;;;;;;;;;;;;18/11/2025;;;
;;Galp;0,1899;0,1416;0,2093;0,2350;0,1416;0,2093;0,2896;0,1287;0,1812;0,3383;0,1287;0,1812;0,4117;0,1287;0,1812;0,5438;0,1181;0,1761;0,7326;0,1181;0,1761;0,9443;0,1339;0,1971;1,1513;0,1339;0,1971;1,4360;0,1339;0,1971;;;;;;;;;;;;;;;;;;;;;;;;17/11/2025;;;
;;Iberdrola VE;-;-;-;-;-;-;0,4331;0,0768;0,2015;0,5383;0,0768;0,2015;0,6221;0,0768;0,2015;0,7032;0,0768;0,2015;0,9307;0,0768;0,2015;1,2287;0,0768;0,2015;1,5411;0,0768;0,2015;1,9852;0,0768;0,2015;;;;;;;;;;;;;;;;;;;;;;;;16/11/2025;;;
;;Meo;-;-;-;-;-;-;0,2700;0,1199;0,1999;0,3800;0,1199;0,1999;0,4700;0,1199;0,1999;0,5500;0,1199;0,1999;0,6500;0,1199;0,1999;0,8000;0,1199;0,1999;0,9900;0,1199;0,1999;1,1500;0,1199;0,1999;;;;;;;;;;;;;;;;;;;;;;;;15/11/2025;;;
;;Luzboa;0,1529;0,1283;0,2055;0,2058;0,1283;0,2055;0,2587;0,1283;0,2055;0,3316;0,1283;0,2055;0,3845;0,1283;0,2055;0,4374;0,1283;0,2055;0,6261;0,1283;0,2055;0,7848;0,1283;0,2055;0,9435;0,1283;0,2055;1,1522;0,1283;0,2055;;;;;;;;;;;;;;;;;;;;;;;;14/11/2025;;;
;;Repsol;0,1729;0,1075;0,2040;0,2258;0,1075;0,2040;0,2787;0,1075;0,2040;0,3316;0,1075;0,2040;0,3845;0,1075;0,2040;0,4374;0,1075;0,2040;0,5961;0,1075;0,2040;0,7548;0,1075;0,2040;0,9135;0,1075;0,2040;1,0722;0,1075;0,2040;;;;;;;;;;;;;;;;;;;;;;;;13/11/2025;;;
;;Ibelectra S. Conforto;0,0879;0,1062;0,1772;0,1530;0,1062;0,1772;0,1937;0,1062;0,1772;0,2516;0,1062;0,1772;0,3095;0,1062;0,1772;0,3674;0,1062;0,1772;0,5361;0,1062;0,1772;0,7198;0,1062;0,1772;0,8885;0,1062;0,1772;1,0672;0,1062;0,1772;;;;;;;;;;;;;;;;;;;;;;;;12/11/2025;;;
;;Ibelectra S. Segura;0,1079;0,1049;0,1695;0,1456;0,1049;0,1695;0,2137;0,1049;0,1695;0,2696;0,1049;0,1695;0,3275;0,1049;0,1695;0,4174;0,1049;0,1695;0,5961;0,1049;0,1695;0,7848;0,1049;0,1695;0,9735;0,1049;0,1695;1,1522;0,1049;0,1695;;;;;;;;;;;;;;;;;;;;;;;;11/11/2025;;;
;;G9;0,1414;0,1215;0,1915;0,2010;0,1215;0,1915;0,2401;0,1215;0,1915;0,3119;0,1215;0,1915;0,3761;0,1215;0,1915;0,4559;0,1215;0,1915;0,6339;0,1215;0,1915;0,8250;0,1215;0,1915;1,0185;0,1215;0,1915;1,2278;0,1215;0,1915;;;;;;;;;;;;;;;;;;;;;;;;10/11/2025;;;
;INDEXADO;Luzboa indexado;0,1529;0,1217;0,1898;0,2058;0,1217;0,1898;0,2587;0,1217;0,1898;0,3316;0,1217;0,1898;0,3845;0,1217;0,1898;0,4374;0,1217;0,1898;0,6261;0,1217;0,1898;0,7848;0,1217;0,1898;0,9434;0,1217;0,1898;1,1522;0,1217;0,1898;;;;;;;;;;;;;;;;;;;;;;;;09/11/2025;;;
;;Ibelectra indexado;0,1029;0,1176;0,1857;0,1558;0,1176;0,1857;0,2087;0,1176;0,1857;0,2616;0,1176;0,1857;0,3145;0,1176;0,1857;0,3674;0,1176;0,1857;0,5261;0,1176;0,1857;0,6848;0,1176;0,1857;0,8435;0,1176;0,1857;1,0022;0,1176;0,1857;;;;;;;;;;;;;;;;;;;;;;;;08/11/2025;;;
;;Luzigás Energy 8.8 ***;-;-;-;-;-;-;0,1587;0,1269;0,1950;0,2116;0,1269;0,1950;0,2645;0,1269;0,1950;0,3174;0,1269;0,1950;0,4761;0,1269;0,1950;0,6348;0,1269;0,1950;0,7935;0,1269;0,1950;0,9522;0,1269;0,1950;;;;;;;;;;;;;;;;;;;;;;;;07/11/2025;;;
;;Repsol indexado;0,1529;0,1211;0,1892;0,2058;0,1211;0,1892;0,2587;0,1211;0,1892;0,3116;0,1211;0,1892;0,3645;0,1211;0,1892;0,4174;0,1211;0,1892;0,5761;0,1211;0,1892;0,7348;0,1211;0,1892;0,8935;0,1211;0,1892;1,0522;0,1211;0,1892;;;;;;;;;;;;;;;;;;;;;;;;06/11/2025;;;
;;Coopérnico;0,0743;0,1246;0,1927;0,1272;0,1246;0,1927;0,1812;0,1246;0,1927;0,2347;0,1246;0,1927;0,2880;0,1246;0,1927;0,3418;0,1246;0,1927;0,5050;0,1246;0,1927;0,6733;0,1246;0,1927;0,8352;0,1246;0,1927;0,9984;0,1246;0,1927;;;;;;;;;;;;;;;;;;;;;;;;05/11/2025;;;
;;Plenitude indexado;-;-;-;-;-;-;0,2386;0,1326;0,2007;0,2615;0,1326;0,2007;0,3245;0,1326;0,2007;0,3674;0,1326;0,2007;0,5560;0,1326;0,2007;0,7147;0,1326;0,2007;0,9134;0,1326;0,2007;1,0721;0,1326;0,2007;;;;;;;;;;;;;;;;;;;;;;;;04/11/2025;;;
;;EDP indexado;-;-;-;-;-;-;0,2758;0,1310;0,1991;0,3287;0,1310;0,1991;0,3816;0,1310;0,1991;0,4345;0,1310;0,1991;0,5932;0,1310;0,1991;0,7519;0,1310;0,1991;0,9106;0,1310;0,1991;1,0693;0,1310;0,1991;;;;;;;;;;;;;;;;;;;;;;;;03/11/2025;;;
;;;;;;;;;;;;;;;;;;;;;;;;;;;;;;;;;;;;;;;;;;;;;;;;;;;;;;;;02/11/2025;;;
;;;;;;;;;;;;;;;;;;;;;;;;;;;;;;;;;;;;;;;;;;;;;;;;;;;;;;;;01/11/2025;;;
;;;;;;;;;;;;;;;;;;;;;;;;;;;;;;;;;;;;;;;;;;;;;;;;;;;;;;;;31/10/2025;;;
;;Potência contratada;1,15 kVA;;2,3 kVA;;3,45 kVA;;4,6 kVA;;5,75 kVA;;6,9 kVA;;10,35 kVA;;13,8 kVA;;17,25 kVA;;20,7 kVA;;;;;;;;;;;;;;;;;;;;;;;;;;;;;;;;;;;30/10/2025;;;
;;Comercializador;Potência (€/dia);Energia (€/kWh);Potência (€/dia);Energia (€/kWh);Potência (€/dia);Energia (€/kWh);Potência (€/dia);Energia (€/kWh);Potência (€/dia);Energia (€/kWh);Potência (€/dia);Energia (€/kWh);Potência (€/dia);Energia (€/kWh);Potência (€/dia);Energia (€/kWh);Potência (€/dia);Energia (€/kWh);Potência (€/dia);Energia (€/kWh);;;;;;;;;;;;;;;;;;;;;;;;;;;;;;;;;;29/10/2025;;;
;;;;;;;;;;;;;;;;;;;;;;;;;;;;;;;;;;;;;;;;;;;;;;;;;;;;;;;;28/10/2025;;;
;Alfa: Power;Alfa;0,188300;0,175000;0,269800;0,175000;0,367700;0,175000;0,456000;0,175000;0,531900;0,175000;0,646300;0,175000;0,864600;0,175000;1,085700;0,175000;1,304000;0,175000;1,560700;0,175000;;;;;;;;;;;;;;;;;;;;;;;;;;;;;;;;;;27/10/2025;;;
;EZU: Tarifa Outono Premium;EZU;0,159300;0,159900;0,226300;0,159900;0,246400;0,159900;0,308600;0,159900;0,370800;0,159900;0,433000;0,159900;0,592500;0,159900;0,770000;0,159900;0,947500;0,159900;1,124900;0,159900;;;;;;;;;;;;;;;;;;;;;;;;;;;;;;;;;;26/10/2025;;;
;JAFplus: Mais Energia;JAFplus;0,064900;0,154100;0,129700;0,154100;0,194600;0,154100;0,259400;0,154100;0,324300;0,154100;0,389200;0,154100;0,583700;0,154100;0,778300;0,154100;0,972900;0,154100;1,167500;0,154100;;;;;;;;;;;;;;;;;;;;;;;;;;;;;;;;;;25/10/2025;;;
;Yes Energy: #SmartLiving;Yes Energy;0,129500;0,159900;0,216300;0,159900;0,288000;0,159900;0,372500;0,159900;0,455700;0,159900;0,528800;0,159900;0,698200;0,159900;0,897600;0,159900;1,068700;0,159900;1,266300;0,159900;;;;;;;;;;;;;;;;;;;;;;;;;;;;;;;;;;24/10/2025;;;
;Muon: Casa Verde DD;Muon;0,165000;0,159000;0,225700;0,159000;0,281900;0,159000;0,379500;0,159000;0,450300;0,159000;0,538900;0,159000;0,688200;0,159000;0,899500;0,159000;1,112400;0,159000;1,319100;0,159000;;;;;;;;;;;;;;;;;;;;;;;;;;;;;;;;;;23/10/2025;;;
;Usenergy: Tarifa Base;Usenergy;0,143400;0,168000;0,287000;0,168000;0,430400;0,168000;0,573800;0,168000;0,717400;0,168000;0,605700;0,168000;0,932500;0,168000;1,083900;0,168000;1,354900;0,168000;1,625700;0,168000;;;;;;;;;;;;;;;;;;;;;;;;;;;;;;;;;;22/10/2025;;;
;Suncore: Tarifa SF BTN;Suncore;0,154100;0,190800;0,213200;0,190800;0,262300;0,190800;0,331700;0,190800;0,401000;0,190800;0,454400;0,190800;0,632200;0,190800;0,826200;0,190800;1,020200;0,190800;1,169800;0,190800;;;;;;;;;;;;;;;;;;;;;;;;;;;;;;;;;;21/10/2025;;;
;Nossa: Tarifa 100% Verde;Nossa;0,152900;0,165400;0,205800;0,165400;0,258700;0,165400;0,311600;0,165400;0,364500;0,165400;0,417400;0,165400;0,576100;0,165400;0,734800;0,165400;0,893500;0,165400;1,052200;0,165400;;;;;;;;;;;;;;;;;;;;;;;;;;;;;;;;;;20/10/2025;;;
;Galp: Plano Galp & Continente;Galp Continente;0,202000;0,199600;0,250000;0,199600;0,308100;0,161900;0,359900;0,161900;0,438000;0,161900;0,578500;0,170400;0,779400;0,170400;1,004600;0,194200;1,224800;0,194200;1,527700;0,194200;;;;;;;;;;;;;;;;;;;;;;;;;;;;;;;;;;19/10/2025;;;
;Endesa: Quero + (primeiros 3 meses);Endesa Quero + (primeiros 3 meses);0,251020;0,165205;0,331331;0,165205;0,396627;0,165205;0,521059;0,165205;0,612766;0,165205;0,793793;0,165205;0,949256;0,165205;1,236774;0,165205;1,546776;0,165205;2,008314;0,165205;;;;;;;;;;;;;;;;;;;;;;;;;;;;;;;;;;18/10/2025;;;
;EDP: Eletricidade Fixa DD+FE Campanha 15% Energia;EDP 15% Energia;-;-;-;-;0,2901;0,1424;0,4631;0,1424;0,5467;0,1424;0,5801;0,1424;0,8427;0,1424;1,1015;0,1424;1,4435;0,1424;1,7325;0,1424;;;;;;;;;;;;;;;;;;;;;;;;;;;;;;;;;;17/10/2025;;;
;EDP: Eletricidade Fixa DD+FE Campanha 30% Potência;EDP 30% Potência;-;-;-;-;0,2031;0,1675;0,3242;0,1675;0,3827;0,1675;0,4061;0,1675;0,5899;0,1675;0,7711;0,1675;1,0105;0,1675;1,2128;0,1675;;;;;;;;;;;;;;;;;;;;;;;;;;;;;;;;;;16/10/2025;;;
;;;;;;;;;;;;;;;;;;;;;;;;;;;;;;;;;;;;;;;;;;;;;;;;;;;;;;;;15/10/2025;;;
;;;;;;;;;;;;;;;;;;;;;;;;;;;;;;;;;;;;;;;;;;;;;;;;;;;;;;;;14/10/2025;;;
;;;;;;;;;;;;;;;;;;;;;;;;;;;;;;;;;;;;;;;;;;;;;;;;;;;;;;;;13/10/2025;;;
;;;;;;;;;;;;;;;;;;;;;;;;;;;;;;;;;;;;;;;;;;;;;;;;;;;;;;;;12/10/2025;;;
;;;;;;;;;;;;;;;;;;;;;;;;;;;;;;;;;;;;;;;;;;;;;;;;;;;;;;;;11/10/2025;;;
;;;;;;;;;;;;;;;;;;;;;;;;;;;;;;;;;;;;;;;;;;;;;;;;;;;;;;;;10/10/2025;;;
;;;;;;;;;;;;;;;;;;;;;;;;;;;;;;;;;;;;;;;;;;;;;;;;;;;;;;;;09/10/2025;;;
;;;;;;;;;;;;;;;;;;;;;;;;;;;;;;;;;;;;;;;;;;;;;;;;;;;;;;;;08/10/2025;;;
;;;;;;;;;;;;;;;;;;;;;;;;;;;;;;;;;;;;;;;;;;;;;;;;;;;;;;;;07/10/2025;;;
;;;;;;;;;;;;;;;;;;;;;;;;;;;;;;;;;;;;;;;;;;;;;;;;;;;;;;;;06/10/2025;;;
;;;;;;;;;;;;;;;;;;;;;;;;;;;;;;;;;;;;;;;;;;;;;;;;;;;;;;;;05/10/2025;;;
;;;;;;;;;;;;;;;;;;;;;;;;;;;;;;;;;;;;;;;;;;;;;;;;;;;;;;;;04/10/2025;;;
;;;;;;;;;;;;;;;;;;;;;;;;;;;;;;;;;;;;;;;;;;;;;;;;;;;;;;;;03/10/2025;;;
;;;;;;;;;;;;;;;;;;;;;;;;;;;;;;;;;;;;;;;;;;;;;;;;;;;;;;;;02/10/2025;;;
;;;;;;;;;;;;;;;;;;;;;;;;;;;;;;;;;;;;;;;;;;;;;;;;;;;;;;;;01/10/2025;;;
;;;;;;;;;;;;;;;;;;;;;;;;;;;;;;;;;;;;;;;;;;;;;;;;;;;;;;;;30/09/2025;;;
;;;;;;;;;;;;;;;;;;;;;;;;;;;;;;;;;;;;;;;;;;;;;;;;;;;;;;;;29/09/2025;;;
;;;;;;;;;;;;;;;;;;;;;;;;;;;;;;;;;;;;;;;;;;;;;;;;;;;;;;;;28/09/2025;;;
;;;;;;;;;;;;;;;;;;;;;;;;;;;;;;;;;;;;;;;;;;;;;;;;;;;;;;;;27/09/2025;;;
;;;;;;;;;;;;;;;;;;;;;;;;;;;;;;;;;;;;;;;;;;;;;;;;;;;;;;;;26/09/2025;;;
;;;;;;;;;;;;;;;;;;;;;;;;;;;;;;;;;;;;;;;;;;;;;;;;;;;;;;;;25/09/2025;;;
;;;;;;;;;;;;;;;;;;;;;;;;;;;;;;;;;;;;;;;;;;;;;;;;;;;;;;;;24/09/2025;;;
;;;;;;;;;;;;;;;;;;;;;;;;;;;;;;;;;;;;;;;;;;;;;;;;;;;;;;;;23/09/2025;;;
;;;;;;;;;;;;;;;;;;;;;;;;;;;;;;;;;;;;;;;;;;;;;;;;;;;;;;;;22/09/2025;;;
;;;;;;;;;;;;;;;;;;;;;;;;;;;;;;;;;;;;;;;;;;;;;;;;;;;;;;;;21/09/2025;;;
;;;;;;;;;;;;;;;;;;;;;;;;;;;;;;;;;;;;;;;;;;;;;;;;;;;;;;;;20/09/2025;;;
;;;;;;;;;;;;;;;;;;;;;;;;;;;;;;;;;;;;;;;;;;;;;;;;;;;;;;;;19/09/2025;;;
;;;;;;;;;;;;;;;;;;;;;;;;;;;;;;;;;;;;;;;;;;;;;;;;;;;;;;;;18/09/2025;;;
;;;;;;;;;;;;;;;;;;;;;;;;;;;;;;;;;;;;;;;;;;;;;;;;;;;;;;;;17/09/2025;;;
;;;;;;;;;;;;;;;;;;;;;;;;;;;;;;;;;;;;;;;;;;;;;;;;;;;;;;;;16/09/2025;;;
;;;;;;;;;;;;;;;;;;;;;;;;;;;;;;;;;;;;;;;;;;;;;;;;;;;;;;;;15/09/2025;;;
;;;;;;;;;;;;;;;;;;;;;;;;;;;;;;;;;;;;;;;;;;;;;;;;;;;;;;;;14/09/2025;;;
;;;;;;;;;;;;;;;;;;;;;;;;;;;;;;;;;;;;;;;;;;;;;;;;;;;;;;;;13/09/2025;;;
;;;;;;;;;;;;;;;;;;;;;;;;;;;;;;;;;;;;;;;;;;;;;;;;;;;;;;;;12/09/2025;;;
;;;;;;;;;;;;;;;;;;;;;;;;;;;;;;;;;;;;;;;;;;;;;;;;;;;;;;;;11/09/2025;;;
;;;;;;;;;;;;;;;;;;;;;;;;;;;;;;;;;;;;;;;;;;;;;;;;;;;;;;;;10/09/2025;;;
;;;;;;;;;;;;;;;;;;;;;;;;;;;;;;;;;;;;;;;;;;;;;;;;;;;;;;;;09/09/2025;;;
;;;;;;;;;;;;;;;;;;;;;;;;;;;;;;;;;;;;;;;;;;;;;;;;;;;;;;;;08/09/2025;;;
;;;;;;;;;;;;;;;;;;;;;;;;;;;;;;;;;;;;;;;;;;;;;;;;;;;;;;;;07/09/2025;;;
;;;;;;;;;;;;;;;;;;;;;;;;;;;;;;;;;;;;;;;;;;;;;;;;;;;;;;;;06/09/2025;;;
;;;;;;;;;;;;;;;;;;;;;;;;;;;;;;;;;;;;;;;;;;;;;;;;;;;;;;;;05/09/2025;;;
;;;;;;;;;;;;;;;;;;;;;;;;;;;;;;;;;;;;;;;;;;;;;;;;;;;;;;;;04/09/2025;;;
;;;;;;;;;;;;;;;;;;;;;;;;;;;;;;;;;;;;;;;;;;;;;;;;;;;;;;;;03/09/2025;;;
;;;;;;;;;;;;;;;;;;;;;;;;;;;;;;;;;;;;;;;;;;;;;;;;;;;;;;;;02/09/2025;;;
;;;;;;;;;;;;;;;;;;;;;;;;;;;;;;;;;;;;;;;;;;;;;;;;;;;;;;;;01/09/2025;;;
;;;;;;;;;;;;;;;;;;;;;;;;;;;;;;;;;;;;;;;;;;;;;;;;;;;;;;;;31/08/2025;;;
;;;;;;;;;;;;;;;;;;;;;;;;;;;;;;;;;;;;;;;;;;;;;;;;;;;;;;;;30/08/2025;;;
;;;;;;;;;;;;;;;;;;;;;;;;;;;;;;;;;;;;;;;;;;;;;;;;;;;;;;;;29/08/2025;;;
;;;;;;;;;;;;;;;;;;;;;;;;;;;;;;;;;;;;;;;;;;;;;;;;;;;;;;;;28/08/2025;;;
;;;;;;;;;;;;;;;;;;;;;;;;;;;;;;;;;;;;;;;;;;;;;;;;;;;;;;;;27/08/2025;;;
;;;;;;;;;;;;;;;;;;;;;;;;;;;;;;;;;;;;;;;;;;;;;;;;;;;;;;;;26/08/2025;;;
;;;;;;;;;;;;;;;;;;;;;;;;;;;;;;;;;;;;;;;;;;;;;;;;;;;;;;;;25/08/2025;;;
;;;;;;;;;;;;;;;;;;;;;;;;;;;;;;;;;;;;;;;;;;;;;;;;;;;;;;;;24/08/2025;;;
;;;;;;;;;;;;;;;;;;;;;;;;;;;;;;;;;;;;;;;;;;;;;;;;;;;;;;;;23/08/2025;;;
;;;;;;;;;;;;;;;;;;;;;;;;;;;;;;;;;;;;;;;;;;;;;;;;;;;;;;;;22/08/2025;;;
;;;;;;;;;;;;;;;;;;;;;;;;;;;;;;;;;;;;;;;;;;;;;;;;;;;;;;;;21/08/2025;;;
;;;;;;;;;;;;;;;;;;;;;;;;;;;;;;;;;;;;;;;;;;;;;;;;;;;;;;;;20/08/2025;;;
;;;;;;;;;;;;;;;;;;;;;;;;;;;;;;;;;;;;;;;;;;;;;;;;;;;;;;;;19/08/2025;;;
;;;;;;;;;;;;;;;;;;;;;;;;;;;;;;;;;;;;;;;;;;;;;;;;;;;;;;;;18/08/2025;;;
;;;;;;;;;;;;;;;;;;;;;;;;;;;;;;;;;;;;;;;;;;;;;;;;;;;;;;;;17/08/2025;;;
;;;;;;;;;;;;;;;;;;;;;;;;;;;;;;;;;;;;;;;;;;;;;;;;;;;;;;;;16/08/2025;;;
;;;;;;;;;;;;;;;;;;;;;;;;;;;;;;;;;;;;;;;;;;;;;;;;;;;;;;;;15/08/2025;;;
;;;;;;;;;;;;;;;;;;;;;;;;;;;;;;;;;;;;;;;;;;;;;;;;;;;;;;;;14/08/2025;;;
;;;;;;;;;;;;;;;;;;;;;;;;;;;;;;;;;;;;;;;;;;;;;;;;;;;;;;;;13/08/2025;;;
;;;;;;;;;;;;;;;;;;;;;;;;;;;;;;;;;;;;;;;;;;;;;;;;;;;;;;;;12/08/2025;;;
;;;;;;;;;;;;;;;;;;;;;;;;;;;;;;;;;;;;;;;;;;;;;;;;;;;;;;;;11/08/2025;;;
;;;;;;;;;;;;;;;;;;;;;;;;;;;;;;;;;;;;;;;;;;;;;;;;;;;;;;;;10/08/2025;;;
;;;;;;;;;;;;;;;;;;;;;;;;;;;;;;;;;;;;;;;;;;;;;;;;;;;;;;;;09/08/2025;;;
;;;;;;;;;;;;;;;;;;;;;;;;;;;;;;;;;;;;;;;;;;;;;;;;;;;;;;;;08/08/2025;;;
;;;;;;;;;;;;;;;;;;;;;;;;;;;;;;;;;;;;;;;;;;;;;;;;;;;;;;;;07/08/2025;;;
;;;;;;;;;;;;;;;;;;;;;;;;;;;;;;;;;;;;;;;;;;;;;;;;;;;;;;;;06/08/2025;;;
;;;;;;;;;;;;;;;;;;;;;;;;;;;;;;;;;;;;;;;;;;;;;;;;;;;;;;;;05/08/2025;;;
;;;;;;;;;;;;;;;;;;;;;;;;;;;;;;;;;;;;;;;;;;;;;;;;;;;;;;;;04/08/2025;;;
;;;;;;;;;;;;;;;;;;;;;;;;;;;;;;;;;;;;;;;;;;;;;;;;;;;;;;;;03/08/2025;;;
;;;;;;;;;;;;;;;;;;;;;;;;;;;;;;;;;;;;;;;;;;;;;;;;;;;;;;;;02/08/2025;;;
;;;;;;;;;;;;;;;;;;;;;;;;;;;;;;;;;;;;;;;;;;;;;;;;;;;;;;;;01/08/2025;;;
;;;;;;;;;;;;;;;;;;;;;;;;;;;;;;;;;;;;;;;;;;;;;;;;;;;;;;;;31/07/2025;;;
;;;;;;;;;;;;;;;;;;;;;;;;;;;;;;;;;;;;;;;;;;;;;;;;;;;;;;;;30/07/2025;;;
;;;;;;;;;;;;;;;;;;;;;;;;;;;;;;;;;;;;;;;;;;;;;;;;;;;;;;;;29/07/2025;;;
;;;;;;;;;;;;;;;;;;;;;;;;;;;;;;;;;;;;;;;;;;;;;;;;;;;;;;;;28/07/2025;;;
;;;;;;;;;;;;;;;;;;;;;;;;;;;;;;;;;;;;;;;;;;;;;;;;;;;;;;;;27/07/2025;;;
;;;;;;;;;;;;;;;;;;;;;;;;;;;;;;;;;;;;;;;;;;;;;;;;;;;;;;;;26/07/2025;;;
;;;;;;;;;;;;;;;;;;;;;;;;;;;;;;;;;;;;;;;;;;;;;;;;;;;;;;;;25/07/2025;;;
;;;;;;;;;;;;;;;;;;;;;;;;;;;;;;;;;;;;;;;;;;;;;;;;;;;;;;;;24/07/2025;;;
;;;;;;;;;;;;;;;;;;;;;;;;;;;;;;;;;;;;;;;;;;;;;;;;;;;;;;;;23/07/2025;;;
;;;;;;;;;;;;;;;;;;;;;;;;;;;;;;;;;;;;;;;;;;;;;;;;;;;;;;;;22/07/2025;;;
;;;;;;;;;;;;;;;;;;;;;;;;;;;;;;;;;;;;;;;;;;;;;;;;;;;;;;;;21/07/2025;;;
;;;;;;;;;;;;;;;;;;;;;;;;;;;;;;;;;;;;;;;;;;;;;;;;;;;;;;;;20/07/2025;;;
;;;;;;;;;;;;;;;;;;;;;;;;;;;;;;;;;;;;;;;;;;;;;;;;;;;;;;;;19/07/2025;;;
;;;;;;;;;;;;;;;;;;;;;;;;;;;;;;;;;;;;;;;;;;;;;;;;;;;;;;;;18/07/2025;;;
;;;;;;;;;;;;;;;;;;;;;;;;;;;;;;;;;;;;;;;;;;;;;;;;;;;;;;;;17/07/2025;;;
;;;;;;;;;;;;;;;;;;;;;;;;;;;;;;;;;;;;;;;;;;;;;;;;;;;;;;;;16/07/2025;;;
;;;;;;;;;;;;;;;;;;;;;;;;;;;;;;;;;;;;;;;;;;;;;;;;;;;;;;;;15/07/2025;;;
;;;;;;;;;;;;;;;;;;;;;;;;;;;;;;;;;;;;;;;;;;;;;;;;;;;;;;;;14/07/2025;;;
;;;;;;;;;;;;;;;;;;;;;;;;;;;;;;;;;;;;;;;;;;;;;;;;;;;;;;;;13/07/2025;;;
;;;;;;;;;;;;;;;;;;;;;;;;;;;;;;;;;;;;;;;;;;;;;;;;;;;;;;;;12/07/2025;;;
;;;;;;;;;;;;;;;;;;;;;;;;;;;;;;;;;;;;;;;;;;;;;;;;;;;;;;;;11/07/2025;;;
;;;;;;;;;;;;;;;;;;;;;;;;;;;;;;;;;;;;;;;;;;;;;;;;;;;;;;;;10/07/2025;;;
;;;;;;;;;;;;;;;;;;;;;;;;;;;;;;;;;;;;;;;;;;;;;;;;;;;;;;;;09/07/2025;;;
;;;;;;;;;;;;;;;;;;;;;;;;;;;;;;;;;;;;;;;;;;;;;;;;;;;;;;;;08/07/2025;;;
;;;;;;;;;;;;;;;;;;;;;;;;;;;;;;;;;;;;;;;;;;;;;;;;;;;;;;;;07/07/2025;;;
;;;;;;;;;;;;;;;;;;;;;;;;;;;;;;;;;;;;;;;;;;;;;;;;;;;;;;;;06/07/2025;;;
;;;;;;;;;;;;;;;;;;;;;;;;;;;;;;;;;;;;;;;;;;;;;;;;;;;;;;;;05/07/2025;;;
;;;;;;;;;;;;;;;;;;;;;;;;;;;;;;;;;;;;;;;;;;;;;;;;;;;;;;;;04/07/2025;;;
;;;;;;;;;;;;;;;;;;;;;;;;;;;;;;;;;;;;;;;;;;;;;;;;;;;;;;;;03/07/2025;;;
;;;;;;;;;;;;;;;;;;;;;;;;;;;;;;;;;;;;;;;;;;;;;;;;;;;;;;;;02/07/2025;;;
;;;;;;;;;;;;;;;;;;;;;;;;;;;;;;;;;;;;;;;;;;;;;;;;;;;;;;;;01/07/2025;;;
;;;;;;;;;;;;;;;;;;;;;;;;;;;;;;;;;;;;;;;;;;;;;;;;;;;;;;;;30/06/2025;;;
;;;;;;;;;;;;;;;;;;;;;;;;;;;;;;;;;;;;;;;;;;;;;;;;;;;;;;;;29/06/2025;;;
;;;;;;;;;;;;;;;;;;;;;;;;;;;;;;;;;;;;;;;;;;;;;;;;;;;;;;;;28/06/2025;;;
;;;;;;;;;;;;;;;;;;;;;;;;;;;;;;;;;;;;;;;;;;;;;;;;;;;;;;;;27/06/2025;;;
;;;;;;;;;;;;;;;;;;;;;;;;;;;;;;;;;;;;;;;;;;;;;;;;;;;;;;;;26/06/2025;;;
;;;;;;;;;;;;;;;;;;;;;;;;;;;;;;;;;;;;;;;;;;;;;;;;;;;;;;;;25/06/2025;;;
;;;;;;;;;;;;;;;;;;;;;;;;;;;;;;;;;;;;;;;;;;;;;;;;;;;;;;;;24/06/2025;;;
;;;;;;;;;;;;;;;;;;;;;;;;;;;;;;;;;;;;;;;;;;;;;;;;;;;;;;;;23/06/2025;;;
;;;;;;;;;;;;;;;;;;;;;;;;;;;;;;;;;;;;;;;;;;;;;;;;;;;;;;;;22/06/2025;;;
;;;;;;;;;;;;;;;;;;;;;;;;;;;;;;;;;;;;;;;;;;;;;;;;;;;;;;;;21/06/2025;;;
;;;;;;;;;;;;;;;;;;;;;;;;;;;;;;;;;;;;;;;;;;;;;;;;;;;;;;;;20/06/2025;;;
;;;;;;;;;;;;;;;;;;;;;;;;;;;;;;;;;;;;;;;;;;;;;;;;;;;;;;;;19/06/2025;;;
;;;;;;;;;;;;;;;;;;;;;;;;;;;;;;;;;;;;;;;;;;;;;;;;;;;;;;;;18/06/2025;;;
;;;;;;;;;;;;;;;;;;;;;;;;;;;;;;;;;;;;;;;;;;;;;;;;;;;;;;;;17/06/2025;;;
;;;;;;;;;;;;;;;;;;;;;;;;;;;;;;;;;;;;;;;;;;;;;;;;;;;;;;;;16/06/2025;;;
;;;;;;;;;;;;;;;;;;;;;;;;;;;;;;;;;;;;;;;;;;;;;;;;;;;;;;;;15/06/2025;;;
;;;;;;;;;;;;;;;;;;;;;;;;;;;;;;;;;;;;;;;;;;;;;;;;;;;;;;;;14/06/2025;;;
;;;;;;;;;;;;;;;;;;;;;;;;;;;;;;;;;;;;;;;;;;;;;;;;;;;;;;;;13/06/2025;;;
;;;;;;;;;;;;;;;;;;;;;;;;;;;;;;;;;;;;;;;;;;;;;;;;;;;;;;;;12/06/2025;;;
;;;;;;;;;;;;;;;;;;;;;;;;;;;;;;;;;;;;;;;;;;;;;;;;;;;;;;;;11/06/2025;;;
;;;;;;;;;;;;;;;;;;;;;;;;;;;;;;;;;;;;;;;;;;;;;;;;;;;;;;;;10/06/2025;;;
;;;;;;;;;;;;;;;;;;;;;;;;;;;;;;;;;;;;;;;;;;;;;;;;;;;;;;;;09/06/2025;;;
;;;;;;;;;;;;;;;;;;;;;;;;;;;;;;;;;;;;;;;;;;;;;;;;;;;;;;;;08/06/2025;;;
;;;;;;;;;;;;;;;;;;;;;;;;;;;;;;;;;;;;;;;;;;;;;;;;;;;;;;;;07/06/2025;;;
;;;;;;;;;;;;;;;;;;;;;;;;;;;;;;;;;;;;;;;;;;;;;;;;;;;;;;;;06/06/2025;;;
;;;;;;;;;;;;;;;;;;;;;;;;;;;;;;;;;;;;;;;;;;;;;;;;;;;;;;;;05/06/2025;;;
;;;;;;;;;;;;;;;;;;;;;;;;;;;;;;;;;;;;;;;;;;;;;;;;;;;;;;;;04/06/2025;;;
;;;;;;;;;;;;;;;;;;;;;;;;;;;;;;;;;;;;;;;;;;;;;;;;;;;;;;;;03/06/2025;;;
;;;;;;;;;;;;;;;;;;;;;;;;;;;;;;;;;;;;;;;;;;;;;;;;;;;;;;;;02/06/2025;;;
;;;;;;;;;;;;;;;;;;;;;;;;;;;;;;;;;;;;;;;;;;;;;;;;;;;;;;;;01/06/2025;;;
;;;;;;;;;;;;;;;;;;;;;;;;;;;;;;;;;;;;;;;;;;;;;;;;;;;;;;;;31/05/2025;;;
;;;;;;;;;;;;;;;;;;;;;;;;;;;;;;;;;;;;;;;;;;;;;;;;;;;;;;;;30/05/2025;;;
;;;;;;;;;;;;;;;;;;;;;;;;;;;;;;;;;;;;;;;;;;;;;;;;;;;;;;;;29/05/2025;;;
;;;;;;;;;;;;;;;;;;;;;;;;;;;;;;;;;;;;;;;;;;;;;;;;;;;;;;;;28/05/2025;;;
;;;;;;;;;;;;;;;;;;;;;;;;;;;;;;;;;;;;;;;;;;;;;;;;;;;;;;;;27/05/2025;;;
;;;;;;;;;;;;;;;;;;;;;;;;;;;;;;;;;;;;;;;;;;;;;;;;;;;;;;;;26/05/2025;;;
;;;;;;;;;;;;;;;;;;;;;;;;;;;;;;;;;;;;;;;;;;;;;;;;;;;;;;;;25/05/2025;;;
;;;;;;;;;;;;;;;;;;;;;;;;;;;;;;;;;;;;;;;;;;;;;;;;;;;;;;;;24/05/2025;;;
;;;;;;;;;;;;;;;;;;;;;;;;;;;;;;;;;;;;;;;;;;;;;;;;;;;;;;;;23/05/2025;;;
;;;;;;;;;;;;;;;;;;;;;;;;;;;;;;;;;;;;;;;;;;;;;;;;;;;;;;;;22/05/2025;;;
;;;;;;;;;;;;;;;;;;;;;;;;;;;;;;;;;;;;;;;;;;;;;;;;;;;;;;;;21/05/2025;;;
;;;;;;;;;;;;;;;;;;;;;;;;;;;;;;;;;;;;;;;;;;;;;;;;;;;;;;;;20/05/2025;;;
;;;;;;;;;;;;;;;;;;;;;;;;;;;;;;;;;;;;;;;;;;;;;;;;;;;;;;;;19/05/2025;;;
;;;;;;;;;;;;;;;;;;;;;;;;;;;;;;;;;;;;;;;;;;;;;;;;;;;;;;;;18/05/2025;;;
;;;;;;;;;;;;;;;;;;;;;;;;;;;;;;;;;;;;;;;;;;;;;;;;;;;;;;;;17/05/2025;;;
;;;;;;;;;;;;;;;;;;;;;;;;;;;;;;;;;;;;;;;;;;;;;;;;;;;;;;;;16/05/2025;;;
;;;;;;;;;;;;;;;;;;;;;;;;;;;;;;;;;;;;;;;;;;;;;;;;;;;;;;;;15/05/2025;;;
;;;;;;;;;;;;;;;;;;;;;;;;;;;;;;;;;;;;;;;;;;;;;;;;;;;;;;;;14/05/2025;;;
;;;;;;;;;;;;;;;;;;;;;;;;;;;;;;;;;;;;;;;;;;;;;;;;;;;;;;;;13/05/2025;;;
;;;;;;;;;;;;;;;;;;;;;;;;;;;;;;;;;;;;;;;;;;;;;;;;;;;;;;;;12/05/2025;;;
;;;;;;;;;;;;;;;;;;;;;;;;;;;;;;;;;;;;;;;;;;;;;;;;;;;;;;;;11/05/2025;;;
;;;;;;;;;;;;;;;;;;;;;;;;;;;;;;;;;;;;;;;;;;;;;;;;;;;;;;;;10/05/2025;;;
;;;;;;;;;;;;;;;;;;;;;;;;;;;;;;;;;;;;;;;;;;;;;;;;;;;;;;;;09/05/2025;;;
;;;;;;;;;;;;;;;;;;;;;;;;;;;;;;;;;;;;;;;;;;;;;;;;;;;;;;;;08/05/2025;;;
;;;;;;;;;;;;;;;;;;;;;;;;;;;;;;;;;;;;;;;;;;;;;;;;;;;;;;;;07/05/2025;;;
;;;;;;;;;;;;;;;;;;;;;;;;;;;;;;;;;;;;;;;;;;;;;;;;;;;;;;;;06/05/2025;;;
;;;;;;;;;;;;;;;;;;;;;;;;;;;;;;;;;;;;;;;;;;;;;;;;;;;;;;;;05/05/2025;;;
;;;;;;;;;;;;;;;;;;;;;;;;;;;;;;;;;;;;;;;;;;;;;;;;;;;;;;;;04/05/2025;;;
;;;;;;;;;;;;;;;;;;;;;;;;;;;;;;;;;;;;;;;;;;;;;;;;;;;;;;;;03/05/2025;;;
;;;;;;;;;;;;;;;;;;;;;;;;;;;;;;;;;;;;;;;;;;;;;;;;;;;;;;;;02/05/2025;;;
;;;;;;;;;;;;;;;;;;;;;;;;;;;;;;;;;;;;;;;;;;;;;;;;;;;;;;;;01/05/2025;;;
;;;;;;;;;;;;;;;;;;;;;;;;;;;;;;;;;;;;;;;;;;;;;;;;;;;;;;;;30/04/2025;;;
;;;;;;;;;;;;;;;;;;;;;;;;;;;;;;;;;;;;;;;;;;;;;;;;;;;;;;;;29/04/2025;;;
;;;;;;;;;;;;;;;;;;;;;;;;;;;;;;;;;;;;;;;;;;;;;;;;;;;;;;;;28/04/2025;;;
;;;;;;;;;;;;;;;;;;;;;;;;;;;;;;;;;;;;;;;;;;;;;;;;;;;;;;;;27/04/2025;;;
;;;;;;;;;;;;;;;;;;;;;;;;;;;;;;;;;;;;;;;;;;;;;;;;;;;;;;;;26/04/2025;;;
;;;;;;;;;;;;;;;;;;;;;;;;;;;;;;;;;;;;;;;;;;;;;;;;;;;;;;;;25/04/2025;;;
;;;;;;;;;;;;;;;;;;;;;;;;;;;;;;;;;;;;;;;;;;;;;;;;;;;;;;;;24/04/2025;;;
;;;;;;;;;;;;;;;;;;;;;;;;;;;;;;;;;;;;;;;;;;;;;;;;;;;;;;;;23/04/2025;;;
;;;;;;;;;;;;;;;;;;;;;;;;;;;;;;;;;;;;;;;;;;;;;;;;;;;;;;;;22/04/2025;;;
;;;;;;;;;;;;;;;;;;;;;;;;;;;;;;;;;;;;;;;;;;;;;;;;;;;;;;;;21/04/2025;;;
;;;;;;;;;;;;;;;;;;;;;;;;;;;;;;;;;;;;;;;;;;;;;;;;;;;;;;;;20/04/2025;;;
;;;;;;;;;;;;;;;;;;;;;;;;;;;;;;;;;;;;;;;;;;;;;;;;;;;;;;;;19/04/2025;;;
;;;;;;;;;;;;;;;;;;;;;;;;;;;;;;;;;;;;;;;;;;;;;;;;;;;;;;;;18/04/2025;;;
;;;;;;;;;;;;;;;;;;;;;;;;;;;;;;;;;;;;;;;;;;;;;;;;;;;;;;;;17/04/2025;;;
;;;;;;;;;;;;;;;;;;;;;;;;;;;;;;;;;;;;;;;;;;;;;;;;;;;;;;;;16/04/2025;;;
;;;;;;;;;;;;;;;;;;;;;;;;;;;;;;;;;;;;;;;;;;;;;;;;;;;;;;;;15/04/2025;;;
;;;;;;;;;;;;;;;;;;;;;;;;;;;;;;;;;;;;;;;;;;;;;;;;;;;;;;;;14/04/2025;;;
;;;;;;;;;;;;;;;;;;;;;;;;;;;;;;;;;;;;;;;;;;;;;;;;;;;;;;;;13/04/2025;;;
;;;;;;;;;;;;;;;;;;;;;;;;;;;;;;;;;;;;;;;;;;;;;;;;;;;;;;;;12/04/2025;;;
;;;;;;;;;;;;;;;;;;;;;;;;;;;;;;;;;;;;;;;;;;;;;;;;;;;;;;;;11/04/2025;;;
;;;;;;;;;;;;;;;;;;;;;;;;;;;;;;;;;;;;;;;;;;;;;;;;;;;;;;;;10/04/2025;;;
;;;;;;;;;;;;;;;;;;;;;;;;;;;;;;;;;;;;;;;;;;;;;;;;;;;;;;;;09/04/2025;;;
;;;;;;;;;;;;;;;;;;;;;;;;;;;;;;;;;;;;;;;;;;;;;;;;;;;;;;;;08/04/2025;;;
;;;;;;;;;;;;;;;;;;;;;;;;;;;;;;;;;;;;;;;;;;;;;;;;;;;;;;;;07/04/2025;;;
;;;;;;;;;;;;;;;;;;;;;;;;;;;;;;;;;;;;;;;;;;;;;;;;;;;;;;;;06/04/2025;;;
;;;;;;;;;;;;;;;;;;;;;;;;;;;;;;;;;;;;;;;;;;;;;;;;;;;;;;;;05/04/2025;;;
;;;;;;;;;;;;;;;;;;;;;;;;;;;;;;;;;;;;;;;;;;;;;;;;;;;;;;;;04/04/2025;;;
;;;;;;;;;;;;;;;;;;;;;;;;;;;;;;;;;;;;;;;;;;;;;;;;;;;;;;;;03/04/2025;;;
;;;;;;;;;;;;;;;;;;;;;;;;;;;;;;;;;;;;;;;;;;;;;;;;;;;;;;;;02/04/2025;;;
;;;;;;;;;;;;;;;;;;;;;;;;;;;;;;;;;;;;;;;;;;;;;;;;;;;;;;;;01/04/2025;;;
;;;;;;;;;;;;;;;;;;;;;;;;;;;;;;;;;;;;;;;;;;;;;;;;;;;;;;;;31/03/2025;;;
;;;;;;;;;;;;;;;;;;;;;;;;;;;;;;;;;;;;;;;;;;;;;;;;;;;;;;;;30/03/2025;;;
;;;;;;;;;;;;;;;;;;;;;;;;;;;;;;;;;;;;;;;;;;;;;;;;;;;;;;;;29/03/2025;;;
;;;;;;;;;;;;;;;;;;;;;;;;;;;;;;;;;;;;;;;;;;;;;;;;;;;;;;;;28/03/2025;;;
;;;;;;;;;;;;;;;;;;;;;;;;;;;;;;;;;;;;;;;;;;;;;;;;;;;;;;;;27/03/2025;;;
;;;;;;;;;;;;;;;;;;;;;;;;;;;;;;;;;;;;;;;;;;;;;;;;;;;;;;;;26/03/2025;;;
;;;;;;;;;;;;;;;;;;;;;;;;;;;;;;;;;;;;;;;;;;;;;;;;;;;;;;;;25/03/2025;;;
;;;;;;;;;;;;;;;;;;;;;;;;;;;;;;;;;;;;;;;;;;;;;;;;;;;;;;;;24/03/2025;;;
;;;;;;;;;;;;;;;;;;;;;;;;;;;;;;;;;;;;;;;;;;;;;;;;;;;;;;;;23/03/2025;;;
;;;;;;;;;;;;;;;;;;;;;;;;;;;;;;;;;;;;;;;;;;;;;;;;;;;;;;;;22/03/2025;;;
;;;;;;;;;;;;;;;;;;;;;;;;;;;;;;;;;;;;;;;;;;;;;;;;;;;;;;;;21/03/2025;;;
;;;;;;;;;;;;;;;;;;;;;;;;;;;;;;;;;;;;;;;;;;;;;;;;;;;;;;;;20/03/2025;;;
;;;;;;;;;;;;;;;;;;;;;;;;;;;;;;;;;;;;;;;;;;;;;;;;;;;;;;;;19/03/2025;;;
;;;;;;;;;;;;;;;;;;;;;;;;;;;;;;;;;;;;;;;;;;;;;;;;;;;;;;;;18/03/2025;;;
;;;;;;;;;;;;;;;;;;;;;;;;;;;;;;;;;;;;;;;;;;;;;;;;;;;;;;;;17/03/2025;;;
;;;;;;;;;;;;;;;;;;;;;;;;;;;;;;;;;;;;;;;;;;;;;;;;;;;;;;;;16/03/2025;;;
;;;;;;;;;;;;;;;;;;;;;;;;;;;;;;;;;;;;;;;;;;;;;;;;;;;;;;;;15/03/2025;;;
;;;;;;;;;;;;;;;;;;;;;;;;;;;;;;;;;;;;;;;;;;;;;;;;;;;;;;;;14/03/2025;;;
;;;;;;;;;;;;;;;;;;;;;;;;;;;;;;;;;;;;;;;;;;;;;;;;;;;;;;;;13/03/2025;;;
;;;;;;;;;;;;;;;;;;;;;;;;;;;;;;;;;;;;;;;;;;;;;;;;;;;;;;;;12/03/2025;;;
;;;;;;;;;;;;;;;;;;;;;;;;;;;;;;;;;;;;;;;;;;;;;;;;;;;;;;;;11/03/2025;;;
;;;;;;;;;;;;;;;;;;;;;;;;;;;;;;;;;;;;;;;;;;;;;;;;;;;;;;;;10/03/2025;;;
;;;;;;;;;;;;;;;;;;;;;;;;;;;;;;;;;;;;;;;;;;;;;;;;;;;;;;;;09/03/2025;;;
;;;;;;;;;;;;;;;;;;;;;;;;;;;;;;;;;;;;;;;;;;;;;;;;;;;;;;;;08/03/2025;;;
;;;;;;;;;;;;;;;;;;;;;;;;;;;;;;;;;;;;;;;;;;;;;;;;;;;;;;;;07/03/2025;;;
;;;;;;;;;;;;;;;;;;;;;;;;;;;;;;;;;;;;;;;;;;;;;;;;;;;;;;;;06/03/2025;;;
;;;;;;;;;;;;;;;;;;;;;;;;;;;;;;;;;;;;;;;;;;;;;;;;;;;;;;;;05/03/2025;;;
;;;;;;;;;;;;;;;;;;;;;;;;;;;;;;;;;;;;;;;;;;;;;;;;;;;;;;;;04/03/2025;;;
;;;;;;;;;;;;;;;;;;;;;;;;;;;;;;;;;;;;;;;;;;;;;;;;;;;;;;;;03/03/2025;;;
;;;;;;;;;;;;;;;;;;;;;;;;;;;;;;;;;;;;;;;;;;;;;;;;;;;;;;;;02/03/2025;;;
;;;;;;;;;;;;;;;;;;;;;;;;;;;;;;;;;;;;;;;;;;;;;;;;;;;;;;;;01/03/2025;;;
;;;;;;;;;;;;;;;;;;;;;;;;;;;;;;;;;;;;;;;;;;;;;;;;;;;;;;;;28/02/2025;;;
;;;;;;;;;;;;;;;;;;;;;;;;;;;;;;;;;;;;;;;;;;;;;;;;;;;;;;;;27/02/2025;;;
;;;;;;;;;;;;;;;;;;;;;;;;;;;;;;;;;;;;;;;;;;;;;;;;;;;;;;;;26/02/2025;;;
;;;;;;;;;;;;;;;;;;;;;;;;;;;;;;;;;;;;;;;;;;;;;;;;;;;;;;;;25/02/2025;;;
;;;;;;;;;;;;;;;;;;;;;;;;;;;;;;;;;;;;;;;;;;;;;;;;;;;;;;;;24/02/2025;;;
;;;;;;;;;;;;;;;;;;;;;;;;;;;;;;;;;;;;;;;;;;;;;;;;;;;;;;;;23/02/2025;;;
;;;;;;;;;;;;;;;;;;;;;;;;;;;;;;;;;;;;;;;;;;;;;;;;;;;;;;;;22/02/2025;;;
;;;;;;;;;;;;;;;;;;;;;;;;;;;;;;;;;;;;;;;;;;;;;;;;;;;;;;;;21/02/2025;;;
;;;;;;;;;;;;;;;;;;;;;;;;;;;;;;;;;;;;;;;;;;;;;;;;;;;;;;;;20/02/2025;;;
;;;;;;;;;;;;;;;;;;;;;;;;;;;;;;;;;;;;;;;;;;;;;;;;;;;;;;;;19/02/2025;;;
;;;;;;;;;;;;;;;;;;;;;;;;;;;;;;;;;;;;;;;;;;;;;;;;;;;;;;;;18/02/2025;;;
;;;;;;;;;;;;;;;;;;;;;;;;;;;;;;;;;;;;;;;;;;;;;;;;;;;;;;;;17/02/2025;;;
;;;;;;;;;;;;;;;;;;;;;;;;;;;;;;;;;;;;;;;;;;;;;;;;;;;;;;;;16/02/2025;;;
;;;;;;;;;;;;;;;;;;;;;;;;;;;;;;;;;;;;;;;;;;;;;;;;;;;;;;;;15/02/2025;;;
;;;;;;;;;;;;;;;;;;;;;;;;;;;;;;;;;;;;;;;;;;;;;;;;;;;;;;;;14/02/2025;;;
;;;;;;;;;;;;;;;;;;;;;;;;;;;;;;;;;;;;;;;;;;;;;;;;;;;;;;;;13/02/2025;;;
;;;;;;;;;;;;;;;;;;;;;;;;;;;;;;;;;;;;;;;;;;;;;;;;;;;;;;;;12/02/2025;;;
;;;;;;;;;;;;;;;;;;;;;;;;;;;;;;;;;;;;;;;;;;;;;;;;;;;;;;;;11/02/2025;;;
;;;;;;;;;;;;;;;;;;;;;;;;;;;;;;;;;;;;;;;;;;;;;;;;;;;;;;;;10/02/2025;;;
;;;;;;;;;;;;;;;;;;;;;;;;;;;;;;;;;;;;;;;;;;;;;;;;;;;;;;;;09/02/2025;;;
;;;;;;;;;;;;;;;;;;;;;;;;;;;;;;;;;;;;;;;;;;;;;;;;;;;;;;;;08/02/2025;;;
;;;;;;;;;;;;;;;;;;;;;;;;;;;;;;;;;;;;;;;;;;;;;;;;;;;;;;;;07/02/2025;;;
;;;;;;;;;;;;;;;;;;;;;;;;;;;;;;;;;;;;;;;;;;;;;;;;;;;;;;;;06/02/2025;;;
;;;;;;;;;;;;;;;;;;;;;;;;;;;;;;;;;;;;;;;;;;;;;;;;;;;;;;;;05/02/2025;;;
;;;;;;;;;;;;;;;;;;;;;;;;;;;;;;;;;;;;;;;;;;;;;;;;;;;;;;;;04/02/2025;;;
;;;;;;;;;;;;;;;;;;;;;;;;;;;;;;;;;;;;;;;;;;;;;;;;;;;;;;;;03/02/2025;;;
;;;;;;;;;;;;;;;;;;;;;;;;;;;;;;;;;;;;;;;;;;;;;;;;;;;;;;;;02/02/2025;;;
;;;;;;;;;;;;;;;;;;;;;;;;;;;;;;;;;;;;;;;;;;;;;;;;;;;;;;;;01/02/2025;;;
;;;;;;;;;;;;;;;;;;;;;;;;;;;;;;;;;;;;;;;;;;;;;;;;;;;;;;;;31/01/2025;;;
;;;;;;;;;;;;;;;;;;;;;;;;;;;;;;;;;;;;;;;;;;;;;;;;;;;;;;;;30/01/2025;;;
;;;;;;;;;;;;;;;;;;;;;;;;;;;;;;;;;;;;;;;;;;;;;;;;;;;;;;;;29/01/2025;;;
;;;;;;;;;;;;;;;;;;;;;;;;;;;;;;;;;;;;;;;;;;;;;;;;;;;;;;;;28/01/2025;;;
;;;;;;;;;;;;;;;;;;;;;;;;;;;;;;;;;;;;;;;;;;;;;;;;;;;;;;;;27/01/2025;;;
;;;;;;;;;;;;;;;;;;;;;;;;;;;;;;;;;;;;;;;;;;;;;;;;;;;;;;;;26/01/2025;;;
;;;;;;;;;;;;;;;;;;;;;;;;;;;;;;;;;;;;;;;;;;;;;;;;;;;;;;;;25/01/2025;;;
;;;;;;;;;;;;;;;;;;;;;;;;;;;;;;;;;;;;;;;;;;;;;;;;;;;;;;;;24/01/2025;;;
;;;;;;;;;;;;;;;;;;;;;;;;;;;;;;;;;;;;;;;;;;;;;;;;;;;;;;;;23/01/2025;;;
;;;;;;;;;;;;;;;;;;;;;;;;;;;;;;;;;;;;;;;;;;;;;;;;;;;;;;;;22/01/2025;;;
;;;;;;;;;;;;;;;;;;;;;;;;;;;;;;;;;;;;;;;;;;;;;;;;;;;;;;;;21/01/2025;;;
;;;;;;;;;;;;;;;;;;;;;;;;;;;;;;;;;;;;;;;;;;;;;;;;;;;;;;;;20/01/2025;;;
;;;;;;;;;;;;;;;;;;;;;;;;;;;;;;;;;;;;;;;;;;;;;;;;;;;;;;;;19/01/2025;;;
;;;;;;;;;;;;;;;;;;;;;;;;;;;;;;;;;;;;;;;;;;;;;;;;;;;;;;;;18/01/2025;;;
;;;;;;;;;;;;;;;;;;;;;;;;;;;;;;;;;;;;;;;;;;;;;;;;;;;;;;;;17/01/2025;;;
;;;;;;;;;;;;;;;;;;;;;;;;;;;;;;;;;;;;;;;;;;;;;;;;;;;;;;;;16/01/2025;;;
;;;;;;;;;;;;;;;;;;;;;;;;;;;;;;;;;;;;;;;;;;;;;;;;;;;;;;;;15/01/2025;;;
;;;;;;;;;;;;;;;;;;;;;;;;;;;;;;;;;;;;;;;;;;;;;;;;;;;;;;;;14/01/2025;;;
;;;;;;;;;;;;;;;;;;;;;;;;;;;;;;;;;;;;;;;;;;;;;;;;;;;;;;;;13/01/2025;;;
;;;;;;;;;;;;;;;;;;;;;;;;;;;;;;;;;;;;;;;;;;;;;;;;;;;;;;;;12/01/2025;;;
;;;;;;;;;;;;;;;;;;;;;;;;;;;;;;;;;;;;;;;;;;;;;;;;;;;;;;;;11/01/2025;;;
;;;;;;;;;;;;;;;;;;;;;;;;;;;;;;;;;;;;;;;;;;;;;;;;;;;;;;;;10/01/2025;;;
;;;;;;;;;;;;;;;;;;;;;;;;;;;;;;;;;;;;;;;;;;;;;;;;;;;;;;;;09/01/2025;;;
;;;;;;;;;;;;;;;;;;;;;;;;;;;;;;;;;;;;;;;;;;;;;;;;;;;;;;;;08/01/2025;;;
;;;;;;;;;;;;;;;;;;;;;;;;;;;;;;;;;;;;;;;;;;;;;;;;;;;;;;;;07/01/2025;;;
;;;;;;;;;;;;;;;;;;;;;;;;;;;;;;;;;;;;;;;;;;;;;;;;;;;;;;;;06/01/2025;;;
;;;;;;;;;;;;;;;;;;;;;;;;;;;;;;;;;;;;;;;;;;;;;;;;;;;;;;;;05/01/2025;;;
;;;;;;;;;;;;;;;;;;;;;;;;;;;;;;;;;;;;;;;;;;;;;;;;;;;;;;;;04/01/2025;;;
;;;;;;;;;;;;;;;;;;;;;;;;;;;;;;;;;;;;;;;;;;;;;;;;;;;;;;;;03/01/2025;;;
;;;;;;;;;;;;;;;;;;;;;;;;;;;;;;;;;;;;;;;;;;;;;;;;;;;;;;;;02/01/2025;;;
;;;;;;;;;;;;;;;;;;;;;;;;;;;;;;;;;;;;;;;;;;;;;;;;;;;;;;;;01/01/2025;;;
;;;;;;;;;;;;;;;;;;;;;;;;;;;;;;;;;;;;;;;;;;;;;;;;;;;;;;;;;;;
